{"best/epoch": 38, "best/precision": 0.5642473284970807, "best/recall": 0.3810371637219117, "best/mAP_0.5": 0.38888522704419054, "best/mAP_0.5:0.95": 0.15200046922302235, "Labels": {"_type": "images/separated", "width": 2000, "height": 2000, "format": "jpg", "count": 2, "filenames": ["media/images/Labels_0_a9ff9a4657e45d81f36a.jpg", "media/images/Labels_0_cadd3a8c936c6668ca99.jpg"], "captions": ["labels_correlogram.jpg", "labels.jpg"]}, "Mosaics": {"_type": "images/separated", "width": 256, "height": 256, "format": "jpg", "count": 3, "filenames": ["media/images/Mosaics_0_89ea449de2199be5fcb4.jpg", "media/images/Mosaics_0_b160144ffdb15a1bbe03.jpg", "media/images/Mosaics_0_0e86e5236a24a05d3c68.jpg"], "captions": ["train_batch0.jpg", "train_batch1.jpg", "train_batch2.jpg"]}, "train/box_loss": 0.039803020656108856, "train/obj_loss": 0.009500841610133648, "train/cls_loss": 0.009014984592795372, "metrics/precision": 0.5659075196478905, "metrics/recall": 0.3802091370513236, "metrics/mAP_0.5": 0.3888211440865039, "metrics/mAP_0.5:0.95": 0.15200539840019103, "val/box_loss": 0.05587229132652283, "val/obj_loss": 0.006680503021925688, "val/cls_loss": 0.02316252514719963, "x/lr0": 0.0005399999999999996, "x/lr1": 0.0005399999999999996, "x/lr2": 0.0005399999999999996, "_timestamp": 1656786814, "_runtime": 421952, "_step": 45, "BoundingBoxDebugger": {"_type": "images/separated", "width": 160, "height": 96, "format": "png", "count": 16, "filenames": ["media/images/BoundingBoxDebugger_43_3b9056edf3b3e5936d3d.png", "media/images/BoundingBoxDebugger_43_082246df1e37438aab5e.png", "media/images/BoundingBoxDebugger_43_1bcbd608d9d206b98b65.png", "media/images/BoundingBoxDebugger_43_9e559d03855bd34bb71c.png", "media/images/BoundingBoxDebugger_43_9d2841a0f17f001384d8.png", "media/images/BoundingBoxDebugger_43_ce90775aaf583ad4244e.png", "media/images/BoundingBoxDebugger_43_fe19a2b9cb866474e7ae.png", "media/images/BoundingBoxDebugger_43_936ec331ab3df66244b1.png", "media/images/BoundingBoxDebugger_43_1c812502926c8f33a2e5.png", "media/images/BoundingBoxDebugger_43_59c60bfb04112c5e1a16.png", "media/images/BoundingBoxDebugger_43_1dd2ea0ae2a58b564340.png", "media/images/BoundingBoxDebugger_43_e5d5d059997e837c4c37.png", "media/images/BoundingBoxDebugger_43_b98f9f556a3c50c84f7b.png", "media/images/BoundingBoxDebugger_43_e31fcfc41d70a9deeac9.png", "media/images/BoundingBoxDebugger_43_2c222ac8e9af7c66e663.png", "media/images/BoundingBoxDebugger_43_24ffa138e73cb67edf25.png"], "captions": ["CQ500-CT-310-3-151(4).jpg", "CQ500-CT-488-3-101(3).jpg", "CQ500-CT-488-3-101(2).jpg", "CQ500-CT-488-3-101(1).jpg", "CQ500-CT-488-3-100(5).jpg", "CQ500-CT-488-3-100(4).jpg", "CQ500-CT-488-3-100(3).jpg", "CQ500-CT-488-3-100(2).jpg", "CQ500-CT-488-3-100(1).jpg", "CQ500-CT-488-3-10(5).jpg", "CQ500-CT-488-3-10(4).jpg", "CQ500-CT-488-3-10(3).jpg", "CQ500-CT-488-3-10(2).jpg", "CQ500-CT-488-3-10(1).jpg", "CQ500-CT-488-2-19(5).jpg", "CQ500-CT-488-3-101(4).jpg"], "all_boxes": [{"predictions": {"_type": "boxes2D", "sha256": "dbdcbaa6c79b9a4e39860551a21260575f5887fc1f2760f485dacc35afd731d9", "size": 19458, "path": "media/metadata/boxes2D/BoundingBoxDebugger_43_dbdcbaa6c79b9a4e3986.boxes2D.json"}}, {"predictions": {"_type": "boxes2D", "sha256": "28750a019d13cca22255bf905c65e2e19eb40c899effb4ebe3585854042a88b6", "size": 23465, "path": "media/metadata/boxes2D/BoundingBoxDebugger_43_28750a019d13cca22255.boxes2D.json"}}, {"predictions": {"_type": "boxes2D", "sha256": "85f70824512a4d761d8f3d6402c5505546fe259ef99f92e6741d130f849210d4", "size": 28638, "path": "media/metadata/boxes2D/BoundingBoxDebugger_43_85f70824512a4d761d8f.boxes2D.json"}}, {"predictions": {"_type": "boxes2D", "sha256": "6d82ac645bef861ba2d09af8dfc2da177ce381308b49a767379f66c63c47e723", "size": 32016, "path": "media/metadata/boxes2D/BoundingBoxDebugger_43_6d82ac645bef861ba2d0.boxes2D.json"}}, {"predictions": {"_type": "boxes2D", "sha256": "3ce9c5f209ae49549adca0f24ef8ddcfd1241d9b69c1afa68a49349ca088b81b", "size": 26465, "path": "media/metadata/boxes2D/BoundingBoxDebugger_43_3ce9c5f209ae49549adc.boxes2D.json"}}, {"predictions": {"_type": "boxes2D", "sha256": "9dcf8c61b90c4e8081a7883266420f5d320536e38f036b941a8fa9ff5a2bd7ee", "size": 21104, "path": "media/metadata/boxes2D/BoundingBoxDebugger_43_9dcf8c61b90c4e8081a7.boxes2D.json"}}, {"predictions": {"_type": "boxes2D", "sha256": "6c921e136434589c79bfaffa59911a125f0019ea9f1aa15974a6676856043cd9", "size": 27468, "path": "media/metadata/boxes2D/BoundingBoxDebugger_43_6c921e136434589c79bf.boxes2D.json"}}, {"predictions": {"_type": "boxes2D", "sha256": "6ba5763a40b71a6ba0c9b691e2d99291f1d8ac0dbcf6313e3ed32b9dfd1ad1f1", "size": 29143, "path": "media/metadata/boxes2D/BoundingBoxDebugger_43_6ba5763a40b71a6ba0c9.boxes2D.json"}}, {"predictions": {"_type": "boxes2D", "sha256": "030485dcc43cb65771996129fe67ab8080fd4ac4826628c08e0e2cd52fc89889", "size": 25219, "path": "media/metadata/boxes2D/BoundingBoxDebugger_43_030485dcc43cb6577199.boxes2D.json"}}, {"predictions": {"_type": "boxes2D", "sha256": "bcb108aa7d0aeeb3b872bd34df36ca99b460543c0da979fb0bef10a129a7bf68", "size": 6979, "path": "media/metadata/boxes2D/BoundingBoxDebugger_43_bcb108aa7d0aeeb3b872.boxes2D.json"}}, {"predictions": {"_type": "boxes2D", "sha256": "9a7d6fe15e7bb96ac1f7d0c8abffcc58c3f6a4834f2ff90651a4c8cb990aaa6b", "size": 7751, "path": "media/metadata/boxes2D/BoundingBoxDebugger_43_9a7d6fe15e7bb96ac1f7.boxes2D.json"}}, {"predictions": {"_type": "boxes2D", "sha256": "b08628f66242ef39c5faeaeef46bf61bb1c36ee635331560fdae25fc4b58bb81", "size": 3790, "path": "media/metadata/boxes2D/BoundingBoxDebugger_43_b08628f66242ef39c5fa.boxes2D.json"}}, {"predictions": {"_type": "boxes2D", "sha256": "5f561b979936c686de19ad4b79cdabca9cad0942ea89737fda48b41fd821f5c8", "size": 4581, "path": "media/metadata/boxes2D/BoundingBoxDebugger_43_5f561b979936c686de19.boxes2D.json"}}, {"predictions": {"_type": "boxes2D", "sha256": "dbd1b3ef990c2ac1045744b1374211d16b10036cdf4216829daa75798c742896", "size": 4282, "path": "media/metadata/boxes2D/BoundingBoxDebugger_43_dbd1b3ef990c2ac10457.boxes2D.json"}}, {"predictions": {"_type": "boxes2D", "sha256": "b265016aa3fbc73d70b3e533fe9011a62adfb590163d8342189450f9e767817a", "size": 28953, "path": "media/metadata/boxes2D/BoundingBoxDebugger_43_b265016aa3fbc73d70b3.boxes2D.json"}}, {"predictions": {"_type": "boxes2D", "sha256": "5e5130c62b5dbc9eeca6a70b1f28ec50ab729c0cfb773e8bf58a04c5879664d9", "size": 19371, "path": "media/metadata/boxes2D/BoundingBoxDebugger_43_5e5130c62b5dbc9eeca6.boxes2D.json"}}]}, "Validation": {"_type": "images/separated", "width": 480, "height": 288, "format": "jpg", "count": 6, "filenames": ["media/images/Validation_45_de36eb785f640616c836.jpg", "media/images/Validation_45_e03da60aec70642061aa.jpg", "media/images/Validation_45_c3ea17c2d57f160efec2.jpg", "media/images/Validation_45_d201689b12da9c2037ce.jpg", "media/images/Validation_45_da09c3cf31caff3e76dd.jpg", "media/images/Validation_45_1e45fc945b6b0bd9dc80.jpg"], "captions": ["val_batch0_labels.jpg", "val_batch0_pred.jpg", "val_batch1_labels.jpg", "val_batch1_pred.jpg", "val_batch2_labels.jpg", "val_batch2_pred.jpg"]}, "Results": {"_type": "images/separated", "width": 2400, "height": 1200, "format": "png", "count": 6, "filenames": ["media/images/Results_45_2146600d4540c0752735.png", "media/images/Results_45_7505c02ff308c6645000.png", "media/images/Results_45_7033a43e6d0fdf44afd3.png", "media/images/Results_45_e467053669d1eb5aebf9.png", "media/images/Results_45_b6f496c9b92c9d5045a5.png", "media/images/Results_45_1d8c29ff98dd2c2e931b.png"], "captions": ["results.png", "confusion_matrix.png", "F1_curve.png", "PR_curve.png", "P_curve.png", "R_curve.png"]}, "_wandb": {"runtime": 421951}}