{"best/epoch": 44, "best/precision": 0.5529485982161706, "best/recall": 0.38112220908641875, "best/mAP_0.5": 0.3811220810554657, "best/mAP_0.5:0.95": 0.14619715663789376, "Labels": {"_type": "images/separated", "width": 2000, "height": 2000, "format": "jpg", "count": 2, "filenames": ["media/images/Labels_0_a9ff9a4657e45d81f36a.jpg", "media/images/Labels_0_cadd3a8c936c6668ca99.jpg"], "captions": ["labels_correlogram.jpg", "labels.jpg"]}, "Mosaics": {"_type": "images/separated", "width": 512, "height": 512, "format": "jpg", "count": 3, "filenames": ["media/images/Mosaics_0_c7ce410296e9a1603ce4.jpg", "media/images/Mosaics_0_62143a0931aec37968fd.jpg", "media/images/Mosaics_0_e7f0cf69577fae0a2f90.jpg"], "captions": ["train_batch0.jpg", "train_batch1.jpg", "train_batch2.jpg"]}, "train/box_loss": 0.040342189371585846, "train/obj_loss": 0.009184608235955238, "train/cls_loss": 0.009072363376617432, "metrics/precision": 0.5547363324782894, "metrics/recall": 0.3814256673224438, "metrics/mAP_0.5": 0.3814174362515854, "metrics/mAP_0.5:0.95": 0.1460981069590541, "val/box_loss": 0.06770745664834976, "val/obj_loss": 0.0067025297321379185, "val/cls_loss": 0.030419068410992622, "x/lr0": 0.0005399999999999996, "x/lr1": 0.0005399999999999996, "x/lr2": 0.0005399999999999996, "_timestamp": 1655883316, "_runtime": 124397, "_step": 45, "BoundingBoxDebugger": {"_type": "images/separated", "width": 160, "height": 96, "format": "png", "count": 16, "filenames": ["media/images/BoundingBoxDebugger_43_3b9056edf3b3e5936d3d.png", "media/images/BoundingBoxDebugger_43_082246df1e37438aab5e.png", "media/images/BoundingBoxDebugger_43_1bcbd608d9d206b98b65.png", "media/images/BoundingBoxDebugger_43_9e559d03855bd34bb71c.png", "media/images/BoundingBoxDebugger_43_9d2841a0f17f001384d8.png", "media/images/BoundingBoxDebugger_43_ce90775aaf583ad4244e.png", "media/images/BoundingBoxDebugger_43_fe19a2b9cb866474e7ae.png", "media/images/BoundingBoxDebugger_43_936ec331ab3df66244b1.png", "media/images/BoundingBoxDebugger_43_1c812502926c8f33a2e5.png", "media/images/BoundingBoxDebugger_43_59c60bfb04112c5e1a16.png", "media/images/BoundingBoxDebugger_43_1dd2ea0ae2a58b564340.png", "media/images/BoundingBoxDebugger_43_e5d5d059997e837c4c37.png", "media/images/BoundingBoxDebugger_43_b98f9f556a3c50c84f7b.png", "media/images/BoundingBoxDebugger_43_e31fcfc41d70a9deeac9.png", "media/images/BoundingBoxDebugger_43_2c222ac8e9af7c66e663.png", "media/images/BoundingBoxDebugger_43_24ffa138e73cb67edf25.png"], "captions": ["CQ500-CT-310-3-151(4).jpg", "CQ500-CT-488-3-101(3).jpg", "CQ500-CT-488-3-101(2).jpg", "CQ500-CT-488-3-101(1).jpg", "CQ500-CT-488-3-100(5).jpg", "CQ500-CT-488-3-100(4).jpg", "CQ500-CT-488-3-100(3).jpg", "CQ500-CT-488-3-100(2).jpg", "CQ500-CT-488-3-100(1).jpg", "CQ500-CT-488-3-10(5).jpg", "CQ500-CT-488-3-10(4).jpg", "CQ500-CT-488-3-10(3).jpg", "CQ500-CT-488-3-10(2).jpg", "CQ500-CT-488-3-10(1).jpg", "CQ500-CT-488-2-19(5).jpg", "CQ500-CT-488-3-101(4).jpg"], "all_boxes": [{"predictions": {"_type": "boxes2D", "sha256": "290035cc687ab8783b20bf0dc3afb5641a01fb5350e1f262a595303bc4459726", "size": 14353, "path": "media/metadata/boxes2D/BoundingBoxDebugger_43_290035cc687ab8783b20.boxes2D.json"}}, {"predictions": {"_type": "boxes2D", "sha256": "9b8c0efd9610c18f61a6abbe0a4cc93db4b616fa703cdd368032b996e98ff63b", "size": 21326, "path": "media/metadata/boxes2D/BoundingBoxDebugger_43_9b8c0efd9610c18f61a6.boxes2D.json"}}, {"predictions": {"_type": "boxes2D", "sha256": "bf2b307f6a52c477d1d1cc9d3e820829ec6f7e1111a856793cf6a6be579a66a3", "size": 22069, "path": "media/metadata/boxes2D/BoundingBoxDebugger_43_bf2b307f6a52c477d1d1.boxes2D.json"}}, {"predictions": {"_type": "boxes2D", "sha256": "895826cde467769b2e4057d4f9a0f7e9232a87082ae10d83f1f35b800792c4d2", "size": 22503, "path": "media/metadata/boxes2D/BoundingBoxDebugger_43_895826cde467769b2e40.boxes2D.json"}}, {"predictions": {"_type": "boxes2D", "sha256": "0ff5b86808cf9d9e4b48b420e0f3c8c9b10316e24fabe2d4392ba3ace4c83c42", "size": 20789, "path": "media/metadata/boxes2D/BoundingBoxDebugger_43_0ff5b86808cf9d9e4b48.boxes2D.json"}}, {"predictions": {"_type": "boxes2D", "sha256": "c656d1d6eae2404b80dd2b7b2f90026085293e2d66fef11d29544ec4425c8acd", "size": 19613, "path": "media/metadata/boxes2D/BoundingBoxDebugger_43_c656d1d6eae2404b80dd.boxes2D.json"}}, {"predictions": {"_type": "boxes2D", "sha256": "1bbdbe5a172e74c62a3eb2d06e3a1f22e5a6f6dedb54710f7b37a1a2d90d321c", "size": 27690, "path": "media/metadata/boxes2D/BoundingBoxDebugger_43_1bbdbe5a172e74c62a3e.boxes2D.json"}}, {"predictions": {"_type": "boxes2D", "sha256": "a171d19f7c4e72bba1bdf1345c676c10c8014a5cda0fc2c4c0747fb686af1578", "size": 23080, "path": "media/metadata/boxes2D/BoundingBoxDebugger_43_a171d19f7c4e72bba1bd.boxes2D.json"}}, {"predictions": {"_type": "boxes2D", "sha256": "5e0059c2aa20018c24dbf650485763a5f7b619b41ad31f4ab0295a89e60241f1", "size": 21781, "path": "media/metadata/boxes2D/BoundingBoxDebugger_43_5e0059c2aa20018c24db.boxes2D.json"}}, {"predictions": {"_type": "boxes2D", "sha256": "aad0a04e7fb2b693521bb8cd4d22c185173e54acd442ef2581bcd2c59c5abc8f", "size": 2852, "path": "media/metadata/boxes2D/BoundingBoxDebugger_43_aad0a04e7fb2b693521b.boxes2D.json"}}, {"predictions": {"_type": "boxes2D", "sha256": "37e7325ac3ea8386567293f9ce9a3bc171bafc1475b99ed93b75c1aa154cd618", "size": 4585, "path": "media/metadata/boxes2D/BoundingBoxDebugger_43_37e7325ac3ea83865672.boxes2D.json"}}, {"predictions": {"_type": "boxes2D", "sha256": "33d452d745a968acd830b36d4cf3ac8903949fe1743be92550c8c834187d250a", "size": 3628, "path": "media/metadata/boxes2D/BoundingBoxDebugger_43_33d452d745a968acd830.boxes2D.json"}}, {"predictions": {"_type": "boxes2D", "sha256": "70568ea09ca6d1a274ea7f917764ef09fdad3017c3c0b20b1789b2c4c2118c05", "size": 2851, "path": "media/metadata/boxes2D/BoundingBoxDebugger_43_70568ea09ca6d1a274ea.boxes2D.json"}}, {"predictions": {"_type": "boxes2D", "sha256": "20f5ac88f8471f06d26bb3c0db10174453abafc3d359482c74440707a33c2aad", "size": 3321, "path": "media/metadata/boxes2D/BoundingBoxDebugger_43_20f5ac88f8471f06d26b.boxes2D.json"}}, {"predictions": {"_type": "boxes2D", "sha256": "99e7c46d2a858e14c1d98cb8566c0f8f48cbfab1e6eb5976d47e6770b04395a3", "size": 20128, "path": "media/metadata/boxes2D/BoundingBoxDebugger_43_99e7c46d2a858e14c1d9.boxes2D.json"}}, {"predictions": {"_type": "boxes2D", "sha256": "6c6031d4fb184666af385088da4c7f906a1a58dc482d0b63c3c2a53465ad0b89", "size": 17392, "path": "media/metadata/boxes2D/BoundingBoxDebugger_43_6c6031d4fb184666af38.boxes2D.json"}}]}, "Validation": {"_type": "images/separated", "width": 640, "height": 384, "format": "jpg", "count": 6, "filenames": ["media/images/Validation_45_0597ead76cdcc74411e0.jpg", "media/images/Validation_45_8bb297e2d3786ddb900e.jpg", "media/images/Validation_45_9cb890b784b00a6064b4.jpg", "media/images/Validation_45_3cbcdaf88f309bff4ff4.jpg", "media/images/Validation_45_b7a676ecb33e6558b06c.jpg", "media/images/Validation_45_6fe7c779639373a9e0fe.jpg"], "captions": ["val_batch0_labels.jpg", "val_batch0_pred.jpg", "val_batch1_labels.jpg", "val_batch1_pred.jpg", "val_batch2_labels.jpg", "val_batch2_pred.jpg"]}, "Results": {"_type": "images/separated", "width": 2400, "height": 1200, "format": "png", "count": 6, "filenames": ["media/images/Results_45_9d413111497a55e76691.png", "media/images/Results_45_119c7dc5eaf4339e8e8a.png", "media/images/Results_45_4b9f8022051a7734e717.png", "media/images/Results_45_b86f0e578868c15a3283.png", "media/images/Results_45_06937344cb95b8c289e9.png", "media/images/Results_45_f7a910b1c970b4ecfe2c.png"], "captions": ["results.png", "confusion_matrix.png", "F1_curve.png", "PR_curve.png", "P_curve.png", "R_curve.png"]}, "_wandb": {"runtime": 124396}}