{"best/epoch": 0, "best/precision": 0.49387196607331846, "best/recall": 0.39473691474636435, "best/mAP_0.5": 0.3748824258599421, "best/mAP_0.5:0.95": 0.13361804519713072, "Labels": {"_type": "images/separated", "width": 2000, "height": 2000, "format": "jpg", "count": 2, "filenames": ["media/images/Labels_0_a9ff9a4657e45d81f36a.jpg", "media/images/Labels_0_cadd3a8c936c6668ca99.jpg"], "captions": ["labels_correlogram.jpg", "labels.jpg"]}, "Mosaics": {"_type": "images/separated", "width": 1024, "height": 1024, "format": "jpg", "count": 3, "filenames": ["media/images/Mosaics_0_ad21ead88f5c99cd2d11.jpg", "media/images/Mosaics_0_c3983546ec645e957ce1.jpg", "media/images/Mosaics_0_0986c51878b78e3457c2.jpg"], "captions": ["train_batch0.jpg", "train_batch1.jpg", "train_batch2.jpg"]}, "train/box_loss": 0.07266677916049957, "train/obj_loss": 0.0321316123008728, "train/cls_loss": 0.033994659781455994, "metrics/precision": 0.4949244967551212, "metrics/recall": 0.3945948663718702, "metrics/mAP_0.5": 0.3752812952243743, "metrics/mAP_0.5:0.95": 0.1338063773045199, "val/box_loss": 0.0588015541434288, "val/obj_loss": 0.017481541261076927, "val/cls_loss": 0.021633990108966827, "x/lr0": 0.003332941545212349, "x/lr1": 0.003332941545212349, "x/lr2": 0.07000352609308885, "BoundingBoxDebugger": {"_type": "images/separated", "width": 544, "height": 352, "format": "png", "count": 16, "filenames": ["media/images/BoundingBoxDebugger_0_f79db4f71aac60509f8a.png", "media/images/BoundingBoxDebugger_0_2e1937072674521cbdbe.png", "media/images/BoundingBoxDebugger_0_7ddf64568a239c7b2110.png", "media/images/BoundingBoxDebugger_0_ac21641e9b21a885c768.png", "media/images/BoundingBoxDebugger_0_7c24a6c88bfe48f7cc6e.png", "media/images/BoundingBoxDebugger_0_448705fd0588a27a6888.png", "media/images/BoundingBoxDebugger_0_232c06cb118750ccd24b.png", "media/images/BoundingBoxDebugger_0_dc2ba9fc3b8c30671b21.png", "media/images/BoundingBoxDebugger_0_2a31105bbf0e46824142.png", "media/images/BoundingBoxDebugger_0_458c234324d8910bb66e.png", "media/images/BoundingBoxDebugger_0_f635d4247e052f473b77.png", "media/images/BoundingBoxDebugger_0_d07fc10365a5084bde4a.png", "media/images/BoundingBoxDebugger_0_f73346b8a9f530fa98ea.png", "media/images/BoundingBoxDebugger_0_f3d057bd73559df73a73.png", "media/images/BoundingBoxDebugger_0_361aee5480724f7aecab.png", "media/images/BoundingBoxDebugger_0_0fca756c50879ef4b63a.png"], "captions": ["CQ500-CT-310-3-151(4).jpg", "CQ500-CT-488-3-101(3).jpg", "CQ500-CT-488-3-101(2).jpg", "CQ500-CT-488-3-101(1).jpg", "CQ500-CT-488-3-100(5).jpg", "CQ500-CT-488-3-100(4).jpg", "CQ500-CT-488-3-100(3).jpg", "CQ500-CT-488-3-100(2).jpg", "CQ500-CT-488-3-100(1).jpg", "CQ500-CT-488-3-10(5).jpg", "CQ500-CT-488-3-10(4).jpg", "CQ500-CT-488-3-10(3).jpg", "CQ500-CT-488-3-10(2).jpg", "CQ500-CT-488-3-10(1).jpg", "CQ500-CT-488-2-19(5).jpg", "CQ500-CT-488-3-101(4).jpg"], "all_boxes": [{"predictions": {"_type": "boxes2D", "sha256": "69ac310a086ac3ec4dfba68d8095182f8606916810358af7a85e39a503a1de67", "size": 72846, "path": "media/metadata/boxes2D/BoundingBoxDebugger_0_69ac310a086ac3ec4dfb.boxes2D.json"}}, {"predictions": {"_type": "boxes2D", "sha256": "18eebb1c43334ebcf2b7492708f109361dcaea71540eaa4d8c7847f1b7cd4fff", "size": 73844, "path": "media/metadata/boxes2D/BoundingBoxDebugger_0_18eebb1c43334ebcf2b7.boxes2D.json"}}, {"predictions": {"_type": "boxes2D", "sha256": "7182022239c5f33cf3eb8ac30d815bfcbe32e0c28aa7c990ee2148a5deb44245", "size": 74195, "path": "media/metadata/boxes2D/BoundingBoxDebugger_0_7182022239c5f33cf3eb.boxes2D.json"}}, {"predictions": {"_type": "boxes2D", "sha256": "18b726fa1ce25496a112e67473405b9380b91a543fc96dd53bed0197038fdcd4", "size": 73989, "path": "media/metadata/boxes2D/BoundingBoxDebugger_0_18b726fa1ce25496a112.boxes2D.json"}}, {"predictions": {"_type": "boxes2D", "sha256": "f4b05e164c3867a6b697ffcd08f494efe5f9b2430e8e06227065ddc052f48ff4", "size": 74104, "path": "media/metadata/boxes2D/BoundingBoxDebugger_0_f4b05e164c3867a6b697.boxes2D.json"}}, {"predictions": {"_type": "boxes2D", "sha256": "7b2fbf2f501c8a2d4dd7b27767c76136bfc036cbb4c9879a0acdc09f55394fa5", "size": 74195, "path": "media/metadata/boxes2D/BoundingBoxDebugger_0_7b2fbf2f501c8a2d4dd7.boxes2D.json"}}, {"predictions": {"_type": "boxes2D", "sha256": "fb8f7d40f7bda431f00c0f4fa97eab217c4abeefcf6ad0144de8bfed447e92ef", "size": 74049, "path": "media/metadata/boxes2D/BoundingBoxDebugger_0_fb8f7d40f7bda431f00c.boxes2D.json"}}, {"predictions": {"_type": "boxes2D", "sha256": "59cc0e456981300ac34fec3ad4b9c7aad48ade4ed9f03f1dbe2c75b47bb9e924", "size": 74069, "path": "media/metadata/boxes2D/BoundingBoxDebugger_0_59cc0e456981300ac34f.boxes2D.json"}}, {"predictions": {"_type": "boxes2D", "sha256": "b0e8b46dc128317b142efc832a961b42f83f77023056e941e8c30b990a49afd2", "size": 74128, "path": "media/metadata/boxes2D/BoundingBoxDebugger_0_b0e8b46dc128317b142e.boxes2D.json"}}, {"predictions": {"_type": "boxes2D", "sha256": "742fd565048d3541382a60c0899433e8ab714438d08200913ea1c7e7ed9d7876", "size": 19512, "path": "media/metadata/boxes2D/BoundingBoxDebugger_0_742fd565048d3541382a.boxes2D.json"}}, {"predictions": {"_type": "boxes2D", "sha256": "a598da3232c26a4354df325d27c8c5cbf254650e9bc8aebb57d751150c91bec5", "size": 23254, "path": "media/metadata/boxes2D/BoundingBoxDebugger_0_a598da3232c26a4354df.boxes2D.json"}}, {"predictions": {"_type": "boxes2D", "sha256": "08b3a9cca077ec5ae8f2a82e2dc24dc2db448f6883ddb0f064dc75d0562875b8", "size": 24960, "path": "media/metadata/boxes2D/BoundingBoxDebugger_0_08b3a9cca077ec5ae8f2.boxes2D.json"}}, {"predictions": {"_type": "boxes2D", "sha256": "1fc62397a015c37cb2c0bf871dcd882921a0ba8ad2f98c60e86345ff8aa22113", "size": 14173, "path": "media/metadata/boxes2D/BoundingBoxDebugger_0_1fc62397a015c37cb2c0.boxes2D.json"}}, {"predictions": {"_type": "boxes2D", "sha256": "9726db523f6798e1b4f0d84aedc7aaa3ea21dd01773b02dd2daf68540993a98f", "size": 20756, "path": "media/metadata/boxes2D/BoundingBoxDebugger_0_9726db523f6798e1b4f0.boxes2D.json"}}, {"predictions": {"_type": "boxes2D", "sha256": "57201d88bdaf9ee509bce489e920f9584a22a8a10e4dea35282ba86ee6482890", "size": 74004, "path": "media/metadata/boxes2D/BoundingBoxDebugger_0_57201d88bdaf9ee509bc.boxes2D.json"}}, {"predictions": {"_type": "boxes2D", "sha256": "3668b0bc3d8a8b7e46e29fa9516264ca6631a4194f0973ba5e52d2497ab39fc8", "size": 73987, "path": "media/metadata/boxes2D/BoundingBoxDebugger_0_3668b0bc3d8a8b7e46e2.boxes2D.json"}}]}, "_timestamp": 1656319038, "_runtime": 300193, "_step": 1, "Validation": {"_type": "images/separated", "width": 1632, "height": 1056, "format": "jpg", "count": 6, "filenames": ["media/images/Validation_1_32c0f3f6654af6af01bc.jpg", "media/images/Validation_1_e029df36c9e94eb80be8.jpg", "media/images/Validation_1_11c9471ba7252d1a33ce.jpg", "media/images/Validation_1_aebce5b79743ebc201dc.jpg", "media/images/Validation_1_e54a4da695a5b39521dc.jpg", "media/images/Validation_1_0c5a6a4e005b6bfe538d.jpg"], "captions": ["val_batch0_labels.jpg", "val_batch0_pred.jpg", "val_batch1_labels.jpg", "val_batch1_pred.jpg", "val_batch2_labels.jpg", "val_batch2_pred.jpg"]}, "Results": {"_type": "images/separated", "width": 2400, "height": 1200, "format": "png", "count": 6, "filenames": ["media/images/Results_1_fe13b334d892303160fc.png", "media/images/Results_1_d29a8f665017d8a3176e.png", "media/images/Results_1_bc43749177b00ac1a694.png", "media/images/Results_1_115335d22ff946eccfae.png", "media/images/Results_1_a85051e42aa13f652532.png", "media/images/Results_1_b69de560dc6ecd2333b1.png"], "captions": ["results.png", "confusion_matrix.png", "F1_curve.png", "PR_curve.png", "P_curve.png", "R_curve.png"]}, "_wandb": {"runtime": 300192}}